center_freq,average,start,end,congestion,start,end
155312000.0,-5.123511049999999,2019-05-02 07:40:50,2019-05-02 07:41:50,,,
155312000.0,-5.217722926666667,2019-05-02 07:41:40,2019-05-02 07:42:40,,,
155312000.0,-6.302469039999999,2019-05-02 07:42:30,2019-05-02 07:43:30,,,
155312000.0,-7.277583134482759,2019-05-02 07:43:20,2019-05-02 07:44:20,,,
155312000.0,-7.086793979999999,2019-05-02 07:44:10,2019-05-02 07:45:10,,,
155312000.0,-6.868972426666668,2019-05-02 07:45:00,2019-05-02 07:46:00,,,
155312000.0,-7.30623036,2019-05-02 07:45:50,2019-05-02 07:46:50,,,
155312000.0,-7.200044456666666,2019-05-02 07:46:40,2019-05-02 07:47:40,,,
155312000.0,-7.621067496551724,2019-05-02 07:47:30,2019-05-02 07:48:30,,,
155312000.0,-8.22097389666667,2019-05-02 07:48:20,2019-05-02 07:49:20,,,
155312000.0,-7.802632026666668,2019-05-02 07:49:10,2019-05-02 07:50:10,,,
155312000.0,-7.266734680000002,2019-05-02 07:50:00,2019-05-02 07:51:00,,,
155312000.0,-7.4698017100000005,2019-05-02 07:50:50,2019-05-02 07:51:50,,,
155312000.0,-7.161749072413793,2019-05-02 07:51:40,2019-05-02 07:52:40,,,
155312000.0,-6.888206586206897,2019-05-02 07:52:30,2019-05-02 07:53:30,,,
155312000.0,-7.322830640000001,2019-05-02 07:53:20,2019-05-02 07:54:20,,,
155312000.0,-7.427758333333333,2019-05-02 07:54:10,2019-05-02 07:55:10,,,
155312000.0,-6.84019715,2019-05-02 07:55:00,2019-05-02 07:56:00,,,
155312000.0,-6.990669779310344,2019-05-02 07:55:50,2019-05-02 07:56:50,,,
155312000.0,-7.702214533333333,2019-05-02 07:56:40,2019-05-02 07:57:40,,,
155312000.0,-7.844038100000001,2019-05-02 07:57:30,2019-05-02 07:58:30,,,
155312000.0,-7.109787473333336,2019-05-02 07:58:20,2019-05-02 07:59:20,,,
155312000.0,-7.431720203333334,2019-05-02 07:59:10,2019-05-02 08:00:10,,,
155312000.0,-7.306015041379312,2019-05-02 08:00:00,2019-05-02 08:01:00,,,
155312000.0,-6.957131363333333,2019-05-02 08:00:50,2019-05-02 08:01:50,,,
155312000.0,-7.659939103333333,2019-05-02 08:01:40,2019-05-02 08:02:40,,,
155312000.0,-8.19497012,2019-05-02 08:02:30,2019-05-02 08:03:30,,,
155312000.0,-8.611534275862072,2019-05-02 08:03:20,2019-05-02 08:04:20,,,
155312000.0,-8.052310093333334,2019-05-02 08:04:10,2019-05-02 08:05:10,,,
155312000.0,-7.985755253333335,2019-05-02 08:05:00,2019-05-02 08:06:00,,,
155312000.0,-8.23273835,2019-05-02 08:05:50,2019-05-02 08:06:50,,,
155312000.0,-8.038518496666667,2019-05-02 08:06:40,2019-05-02 08:07:40,,,
155312000.0,-8.149378843333333,2019-05-02 08:07:30,2019-05-02 08:08:30,,,
155312000.0,-7.690647562068964,2019-05-02 08:08:20,2019-05-02 08:09:20,,,
155312000.0,-8.18769451,2019-05-02 08:09:10,2019-05-02 08:10:10,,,
155312000.0,-7.784265616666667,2019-05-02 08:10:00,2019-05-02 08:11:00,,,
155312000.0,-7.984414559999999,2019-05-02 08:10:50,2019-05-02 08:11:50,,,
155312000.0,-7.676170075862072,2019-05-02 08:11:40,2019-05-02 08:12:40,,,
155312000.0,-7.503360223333333,2019-05-02 08:12:30,2019-05-02 08:13:30,,,
155312000.0,-7.605434540000002,2019-05-02 08:13:20,2019-05-02 08:14:20,,,
155312000.0,-8.064841503333334,2019-05-02 08:14:10,2019-05-02 08:15:10,,,
155312000.0,-8.006630600000001,2019-05-02 08:15:00,2019-05-02 08:16:00,,,
155312000.0,-7.704594193103447,2019-05-02 08:15:50,2019-05-02 08:16:50,,,
155312000.0,-7.813650936666666,2019-05-02 08:16:40,2019-05-02 08:17:40,,,
155312000.0,-7.880993606666666,2019-05-02 08:17:30,2019-05-02 08:18:30,,,
155312000.0,-7.704237013333334,2019-05-02 08:18:20,2019-05-02 08:19:20,,,
155312000.0,-7.805209165517241,2019-05-02 08:19:10,2019-05-02 08:20:10,,,
155312000.0,-7.317293430000002,2019-05-02 08:20:00,2019-05-02 08:21:00,,,
155312000.0,-7.428774556666666,2019-05-02 08:20:50,2019-05-02 08:21:50,,,
155312000.0,-8.506110716666667,2019-05-02 08:21:40,2019-05-02 08:22:40,,,
155312000.0,-8.191320550000002,2019-05-02 08:22:30,2019-05-02 08:23:30,,,
155312000.0,-7.863850068965517,2019-05-02 08:23:20,2019-05-02 08:24:20,,,
155312000.0,-7.885315573333334,2019-05-02 08:24:10,2019-05-02 08:25:10,,,
155312000.0,-8.706593190000003,2019-05-02 08:25:00,2019-05-02 08:26:00,,,
155312000.0,-8.032085733333334,2019-05-02 08:25:50,2019-05-02 08:26:50,,,
155312000.0,-8.227072920000001,2019-05-02 08:26:40,2019-05-02 08:27:40,,,
155312000.0,-8.04364592413793,2019-05-02 08:27:30,2019-05-02 08:28:30,,,
155312000.0,-7.7817463500000015,2019-05-02 08:28:20,2019-05-02 08:29:20,,,
155312000.0,-8.047450833333333,2019-05-02 08:29:10,2019-05-02 08:30:10,,,
155312000.0,-7.278290663333333,2019-05-02 08:30:00,2019-05-02 08:31:00,,,
155312000.0,-8.51945773103448,2019-05-02 08:30:50,2019-05-02 08:31:50,,,
155312000.0,-7.772424158620688,2019-05-02 08:31:40,2019-05-02 08:32:40,,,
155312000.0,-8.126339726666666,2019-05-02 08:32:30,2019-05-02 08:33:30,,,
155312000.0,-7.691841686666667,2019-05-02 08:33:20,2019-05-02 08:34:20,,,
155312000.0,-8.059530839999999,2019-05-02 08:34:10,2019-05-02 08:35:10,,,
155312000.0,-7.349724082758623,2019-05-02 08:35:00,2019-05-02 08:36:00,,,
155312000.0,-8.293413083333336,2019-05-02 08:35:50,2019-05-02 08:36:50,,,
155312000.0,-7.629888489999999,2019-05-02 08:36:40,2019-05-02 08:37:40,,,
155312000.0,-7.9980240999999985,2019-05-02 08:37:30,2019-05-02 08:38:30,,,
155312000.0,-7.686170736666668,2019-05-02 08:38:20,2019-05-02 08:39:20,,,
155312000.0,-7.672984155172412,2019-05-02 08:39:10,2019-05-02 08:40:10,,,
155312000.0,-8.084396713333334,2019-05-02 08:40:00,2019-05-02 08:41:00,,,
155312000.0,-7.677146906666667,2019-05-02 08:40:50,2019-05-02 08:41:50,,,
155312000.0,-7.520243799999999,2019-05-02 08:41:40,2019-05-02 08:42:40,,,
155312000.0,-8.094083672413792,2019-05-02 08:42:30,2019-05-02 08:43:30,,,
155312000.0,-7.714978766666669,2019-05-02 08:43:20,2019-05-02 08:44:20,,,
155312000.0,-7.863970486666665,2019-05-02 08:44:10,2019-05-02 08:45:10,,,
155312000.0,-7.7900329866666675,2019-05-02 08:45:00,2019-05-02 08:46:00,,,
155312000.0,-7.877474410344826,2019-05-02 08:45:50,2019-05-02 08:46:50,,,
155312000.0,-7.829233186666668,2019-05-02 08:46:40,2019-05-02 08:47:40,,,
155312000.0,-7.928441940000002,2019-05-02 08:47:30,2019-05-02 08:48:30,,,
155312000.0,-8.012781186666666,2019-05-02 08:48:20,2019-05-02 08:49:20,,,
155312000.0,-7.1881691933333345,2019-05-02 08:49:10,2019-05-02 08:50:10,,,
155312000.0,-7.618146744827586,2019-05-02 08:50:00,2019-05-02 08:51:00,,,
155312000.0,-8.092310200000002,2019-05-02 08:50:50,2019-05-02 08:51:50,,,
155312000.0,-7.772742946666668,2019-05-02 08:51:40,2019-05-02 08:52:40,,,
155312000.0,-8.415139263333334,2019-05-02 08:52:30,2019-05-02 08:53:30,,,
155312000.0,-8.35714163448276,2019-05-02 08:53:20,2019-05-02 08:54:20,,,
155312000.0,-8.18640126551724,2019-05-02 08:54:10,2019-05-02 08:55:10,,,
155312000.0,-7.779615519999999,2019-05-02 08:55:00,2019-05-02 08:56:00,,,
155312000.0,-7.901578970000002,2019-05-02 08:55:50,2019-05-02 08:56:50,,,
155312000.0,-7.8713034166666676,2019-05-02 08:56:40,2019-05-02 08:57:40,,,
155312000.0,-7.745818272413792,2019-05-02 08:57:30,2019-05-02 08:58:30,,,
155312000.0,-8.224571810000002,2019-05-02 08:58:20,2019-05-02 08:59:20,,,
155312000.0,-6.590203333333333,2019-05-02 08:59:10,2019-05-02 09:00:10,,,
155312000.0,-8.020593409999998,2019-05-02 09:00:00,2019-05-02 09:01:00,,,
155312000.0,-8.736196331034481,2019-05-02 09:00:50,2019-05-02 09:01:50,,,
155312000.0,-8.221903906896552,2019-05-02 09:01:40,2019-05-02 09:02:40,,,
155312000.0,-7.942291153333334,2019-05-02 09:02:30,2019-05-02 09:03:30,,,
155312000.0,-7.401890086666668,2019-05-02 09:03:20,2019-05-02 09:04:20,,,
155312000.0,-7.7177004600000005,2019-05-02 09:04:10,2019-05-02 09:05:10,,,
155312000.0,-7.890879734482759,2019-05-02 09:05:00,2019-05-02 09:06:00,,,
155312000.0,-7.866675917241381,2019-05-02 09:05:50,2019-05-02 09:06:50,,,
155312000.0,-8.48977012,2019-05-02 09:06:40,2019-05-02 09:07:40,,,
155312000.0,-7.794264476666666,2019-05-02 09:07:30,2019-05-02 09:08:30,,,
155312000.0,-7.383068966666666,2019-05-02 09:08:20,2019-05-02 09:09:20,,,
155312000.0,-7.885385206896551,2019-05-02 09:09:10,2019-05-02 09:10:10,,,
155312000.0,-7.628557736666666,2019-05-02 09:10:00,2019-05-02 09:11:00,,,
155312000.0,-7.977772826666666,2019-05-02 09:10:50,2019-05-02 09:11:50,,,
155312000.0,-8.325387026666666,2019-05-02 09:11:40,2019-05-02 09:12:40,,,
155312000.0,-8.522011106896551,2019-05-02 09:12:30,2019-05-02 09:13:30,,,
155312000.0,-8.44079795172414,2019-05-02 09:13:20,2019-05-02 09:14:20,,,
155312000.0,-8.35080332,2019-05-02 09:14:10,2019-05-02 09:15:10,,,
155312000.0,-8.174877389999997,2019-05-02 09:15:00,2019-05-02 09:16:00,,,
155312000.0,-8.579391156666667,2019-05-02 09:15:50,2019-05-02 09:16:50,,,
155312000.0,-7.655267406896553,2019-05-02 09:16:40,2019-05-02 09:17:40,,,
155312000.0,-8.628440662068964,2019-05-02 09:17:30,2019-05-02 09:18:30,,,
155312000.0,-8.105234526666667,2019-05-02 09:18:20,2019-05-02 09:19:20,,,
155312000.0,-8.093838916666666,2019-05-02 09:19:10,2019-05-02 09:20:10,,,
155312000.0,-8.085332072413793,2019-05-02 09:20:00,2019-05-02 09:21:00,,,
155312000.0,-8.10650419,2019-05-02 09:20:50,2019-05-02 09:21:50,,,
155312000.0,-7.504506726666667,2019-05-02 09:21:40,2019-05-02 09:22:40,,,
155312000.0,-7.687097153333331,2019-05-02 09:22:30,2019-05-02 09:23:30,,,
155312000.0,-7.718885979999997,2019-05-02 09:23:20,2019-05-02 09:24:20,,,
155312000.0,-7.150103289655172,2019-05-02 09:24:10,2019-05-02 09:25:10,,,
155312000.0,-8.629343330000001,2019-05-02 09:25:00,2019-05-02 09:26:00,,,
155312000.0,-8.085503446666669,2019-05-02 09:25:50,2019-05-02 09:26:50,,,
155312000.0,-8.105226093333334,2019-05-02 09:26:40,2019-05-02 09:27:40,,,
155312000.0,-8.336091693333334,2019-05-02 09:27:30,2019-05-02 09:28:30,,,
155312000.0,-8.120634489655174,2019-05-02 09:28:20,2019-05-02 09:29:20,,,
155312000.0,-7.5767829099999995,2019-05-02 09:29:10,2019-05-02 09:30:10,,,
155312000.0,-7.742251426666666,2019-05-02 09:30:00,2019-05-02 09:31:00,,,
155312000.0,-7.912701359999998,2019-05-02 09:30:50,2019-05-02 09:31:50,,,
155312000.0,-7.695915510344825,2019-05-02 09:31:40,2019-05-02 09:32:40,,,
155312000.0,-7.9056309833333325,2019-05-02 09:32:30,2019-05-02 09:33:30,,,
155312000.0,-8.549825696666668,2019-05-02 09:33:20,2019-05-02 09:34:20,,,
155312000.0,-8.033401373333335,2019-05-02 09:34:10,2019-05-02 09:35:10,,,
155312000.0,-8.111656213333331,2019-05-02 09:35:00,2019-05-02 09:36:00,,,
155312000.0,-7.504459831034482,2019-05-02 09:35:50,2019-05-02 09:36:50,,,
155312000.0,-7.497912073333335,2019-05-02 09:36:40,2019-05-02 09:37:40,,,
155312000.0,-8.594935090000002,2019-05-02 09:37:30,2019-05-02 09:38:30,,,
155312000.0,-8.789774223333332,2019-05-02 09:38:20,2019-05-02 09:39:20,,,
155312000.0,-8.972094360000002,2019-05-02 09:39:10,2019-05-02 09:40:10,,,
155312000.0,-8.345435065517238,2019-05-02 09:40:00,2019-05-02 09:41:00,,,
155312000.0,-8.415251770000001,2019-05-02 09:40:50,2019-05-02 09:41:50,,,
155312000.0,-8.878028376666666,2019-05-02 09:41:40,2019-05-02 09:42:40,,,
155312000.0,-7.959986819999999,2019-05-02 09:42:30,2019-05-02 09:43:30,,,
155312000.0,-8.422116479999998,2019-05-02 09:43:20,2019-05-02 09:44:20,,,
155312000.0,-8.488175024137933,2019-05-02 09:44:10,2019-05-02 09:45:10,,,
155312000.0,-8.708639979310341,2019-05-02 09:45:00,2019-05-02 09:46:00,,,
155312000.0,-8.14473472,2019-05-02 09:45:50,2019-05-02 09:46:50,,,
155312000.0,-8.133469996666667,2019-05-02 09:46:40,2019-05-02 09:47:40,,,
155312000.0,-8.731868763333333,2019-05-02 09:47:30,2019-05-02 09:48:30,,,
155312000.0,-7.861403853333334,2019-05-02 09:48:20,2019-05-02 09:49:20,,,
155312000.0,-7.452836199999998,2019-05-02 09:49:10,2019-05-02 09:50:10,,,
155312000.0,-8.069897860000001,2019-05-02 09:50:00,2019-05-02 09:51:00,,,
155312000.0,-8.493833653333335,2019-05-02 09:50:50,2019-05-02 09:51:50,,,
155312000.0,-8.996792476666668,2019-05-02 09:51:40,2019-05-02 09:52:40,,,
155312000.0,-8.516635486206898,2019-05-02 09:52:30,2019-05-02 09:53:30,,,
155312000.0,-7.739659066666667,2019-05-02 09:53:20,2019-05-02 09:54:20,,,
155312000.0,-8.30790698,2019-05-02 09:54:10,2019-05-02 09:55:10,,,
155312000.0,-7.681633256666666,2019-05-02 09:55:00,2019-05-02 09:56:00,,,
155312000.0,-7.2687931699999995,2019-05-02 09:55:50,2019-05-02 09:56:50,,,
155312000.0,-8.536963320689654,2019-05-02 09:56:40,2019-05-02 09:57:40,,,
155312000.0,-7.769654766666667,2019-05-02 09:57:30,2019-05-02 09:58:30,,,
155312000.0,-7.640097226666668,2019-05-02 09:58:20,2019-05-02 09:59:20,,,
155312000.0,-7.534510299999999,2019-05-02 09:59:10,2019-05-02 10:00:10,,,
155312000.0,-7.690368234482759,2019-05-02 10:00:00,2019-05-02 10:01:00,,,
155312000.0,-8.165670510000002,2019-05-02 10:00:50,2019-05-02 10:01:50,,,
155312000.0,-7.623981383333334,2019-05-02 10:01:40,2019-05-02 10:02:40,,,
155312000.0,-7.678691889333332,2019-05-02 10:02:30,2019-05-02 10:03:30,,,
155312000.0,-5.93081173448276,2019-05-02 10:03:20,2019-05-02 10:04:20,2.0,2019-05-02 10:03:20,2019-05-02 10:04:20
155312000.0,4.827884856666667,2019-05-02 10:04:10,2019-05-02 10:05:10,14.0,2019-05-02 10:04:10,2019-05-02 10:05:10
155312000.0,-8.275245536666667,2019-05-02 10:05:00,2019-05-02 10:06:00,,,
155312000.0,-7.439552400000001,2019-05-02 10:05:50,2019-05-02 10:06:50,,,
155312000.0,-7.788386041379308,2019-05-02 10:06:40,2019-05-02 10:07:40,,,
155312000.0,-7.711388549999999,2019-05-02 10:07:30,2019-05-02 10:08:30,,,
155312000.0,-8.082222243333332,2019-05-02 10:08:20,2019-05-02 10:09:20,,,
155312000.0,-7.911733943333334,2019-05-02 10:09:10,2019-05-02 10:10:10,,,
155312000.0,-8.320131523333334,2019-05-02 10:10:00,2019-05-02 10:11:00,,,
155312000.0,-7.320483148275862,2019-05-02 10:10:50,2019-05-02 10:11:50,,,
155312000.0,-7.7342019099999995,2019-05-02 10:11:40,2019-05-02 10:12:40,,,
155312000.0,-7.725941153333332,2019-05-02 10:12:30,2019-05-02 10:13:30,,,
155312000.0,-7.690522540000001,2019-05-02 10:13:20,2019-05-02 10:14:20,,,
155312000.0,-7.696240650000001,2019-05-02 10:14:10,2019-05-02 10:15:10,,,
155312000.0,-8.948829886206896,2019-05-02 10:15:00,2019-05-02 10:16:00,,,
155312000.0,-8.545135926666667,2019-05-02 10:15:50,2019-05-02 10:16:50,,,
155312000.0,-8.011974126666665,2019-05-02 10:16:40,2019-05-02 10:17:40,,,
155312000.0,-7.9321396900000005,2019-05-02 10:17:30,2019-05-02 10:18:30,,,
155312000.0,-7.736005448275862,2019-05-02 10:18:20,2019-05-02 10:19:20,,,
155312000.0,-8.277121173333333,2019-05-02 10:19:10,2019-05-02 10:20:10,,,
155312000.0,-8.096352653333334,2019-05-02 10:20:00,2019-05-02 10:21:00,,,
155312000.0,-8.308338043333332,2019-05-02 10:20:50,2019-05-02 10:21:50,,,
155312000.0,-7.8165773,2019-05-02 10:21:40,2019-05-02 10:22:40,,,
155312000.0,-8.07210455,2019-05-02 10:22:30,2019-05-02 10:23:30,,,
155312000.0,-7.688953610000001,2019-05-02 10:23:20,2019-05-02 10:24:20,,,
155312000.0,-7.368461319999999,2019-05-02 10:24:10,2019-05-02 10:25:10,,,
155312000.0,-8.11603576,2019-05-02 10:25:00,2019-05-02 10:26:00,,,
155312000.0,-8.14011643448276,2019-05-02 10:25:50,2019-05-02 10:26:50,,,
155312000.0,-8.47973847,2019-05-02 10:26:40,2019-05-02 10:27:40,,,
155312000.0,-6.852728886666668,2019-05-02 10:27:30,2019-05-02 10:28:30,,,
155312000.0,-7.8292324666666655,2019-05-02 10:28:20,2019-05-02 10:29:20,,,
155312000.0,-8.099020003333333,2019-05-02 10:29:10,2019-05-02 10:30:10,,,
155312000.0,-8.17998747586207,2019-05-02 10:30:00,2019-05-02 10:31:00,,,
155312000.0,-7.80870218,2019-05-02 10:30:50,2019-05-02 10:31:50,,,
155312000.0,-7.965036016666667,2019-05-02 10:31:40,2019-05-02 10:32:40,,,
155312000.0,-7.825380106666665,2019-05-02 10:32:30,2019-05-02 10:33:30,,,
155312000.0,-7.726875144827586,2019-05-02 10:33:20,2019-05-02 10:34:20,,,
155312000.0,-7.948730875862071,2019-05-02 10:34:10,2019-05-02 10:35:10,,,
155312000.0,-7.571892966666666,2019-05-02 10:35:00,2019-05-02 10:36:00,,,
155312000.0,-7.790762589999999,2019-05-02 10:35:50,2019-05-02 10:36:50,,,
155312000.0,-8.012365140000002,2019-05-02 10:36:40,2019-05-02 10:37:40,,,
155312000.0,-8.202768713793105,2019-05-02 10:37:30,2019-05-02 10:38:30,,,
155312000.0,-8.044828780000001,2019-05-02 10:38:20,2019-05-02 10:39:20,,,
155312000.0,-8.408338943333332,2019-05-02 10:39:10,2019-05-02 10:40:10,,,
155312000.0,-8.403982719999998,2019-05-02 10:40:00,2019-05-02 10:41:00,,,
155312000.0,-8.305264386666666,2019-05-02 10:40:50,2019-05-02 10:41:50,,,
155312000.0,-8.665575731034481,2019-05-02 10:41:40,2019-05-02 10:42:40,,,
155312000.0,-8.262280333333333,2019-05-02 10:42:30,2019-05-02 10:43:30,,,
155312000.0,-7.676207216666666,2019-05-02 10:43:20,2019-05-02 10:44:20,,,
155312000.0,-8.220866886666668,2019-05-02 10:44:10,2019-05-02 10:45:10,,,
155312000.0,-7.943018579310347,2019-05-02 10:45:00,2019-05-02 10:46:00,,,
155312000.0,-7.500312613333334,2019-05-02 10:45:50,2019-05-02 10:46:50,,,
155312000.0,-7.90592166,2019-05-02 10:46:40,2019-05-02 10:47:40,,,
155312000.0,-7.400541596666668,2019-05-02 10:47:30,2019-05-02 10:48:30,,,
155312000.0,-7.901865189655171,2019-05-02 10:48:20,2019-05-02 10:49:20,,,
155312000.0,-8.086093644827587,2019-05-02 10:49:10,2019-05-02 10:50:10,,,
155312000.0,-8.008326656666666,2019-05-02 10:50:00,2019-05-02 10:51:00,,,
155312000.0,-8.184602896666666,2019-05-02 10:50:50,2019-05-02 10:51:50,,,
155312000.0,-7.756376173333334,2019-05-02 10:51:40,2019-05-02 10:52:40,,,
155312000.0,-8.113168882758622,2019-05-02 10:52:30,2019-05-02 10:53:30,,,
155312000.0,-8.073453269999998,2019-05-02 10:53:20,2019-05-02 10:54:20,,,
155312000.0,-8.440885123333333,2019-05-02 10:54:10,2019-05-02 10:55:10,,,
155312000.0,-8.438170456666667,2019-05-02 10:55:00,2019-05-02 10:56:00,,,
155312000.0,-7.962505953333333,2019-05-02 10:55:50,2019-05-02 10:56:50,,,
155312000.0,-7.840653372413794,2019-05-02 10:56:40,2019-05-02 10:57:40,,,
155312000.0,-8.011682666666667,2019-05-02 10:57:30,2019-05-02 10:58:30,,,
155312000.0,-7.994516036666666,2019-05-02 10:58:20,2019-05-02 10:59:20,,,
155312000.0,-8.415823703333333,2019-05-02 10:59:10,2019-05-02 11:00:10,,,
155312000.0,-7.965709579310343,2019-05-02 11:00:00,2019-05-02 11:01:00,,,
155312000.0,-9.003693363333332,2019-05-02 11:00:50,2019-05-02 11:01:50,,,
155312000.0,-8.484616309999998,2019-05-02 11:01:40,2019-05-02 11:02:40,,,
155312000.0,-0.7486474333333336,2019-05-02 11:02:30,2019-05-02 11:03:30,8.0,2019-05-02 11:02:30,2019-05-02 11:03:30
155312000.0,-7.5879803599999995,2019-05-02 11:03:20,2019-05-02 11:04:20,1.0,2019-05-02 11:03:20,2019-05-02 11:04:20
155312000.0,3.037062806896551,2019-05-02 11:04:10,2019-05-02 11:05:10,11.0,2019-05-02 11:04:10,2019-05-02 11:05:10
155312000.0,-8.109353453333334,2019-05-02 11:05:00,2019-05-02 11:06:00,,,
155312000.0,-7.82794389,2019-05-02 11:05:50,2019-05-02 11:06:50,,,
155312000.0,-5.991609573333334,2019-05-02 11:06:40,2019-05-02 11:07:40,2.0,2019-05-02 11:06:40,2019-05-02 11:07:40
155312000.0,-6.934849406896552,2019-05-02 11:07:30,2019-05-02 11:08:30,1.0,2019-05-02 11:07:30,2019-05-02 11:08:30
155312000.0,-4.665081316666668,2019-05-02 11:08:20,2019-05-02 11:09:20,3.0,2019-05-02 11:08:20,2019-05-02 11:09:20
155312000.0,0.4135627666666667,2019-05-02 11:09:10,2019-05-02 11:10:10,7.0,2019-05-02 11:09:10,2019-05-02 11:10:10
155312000.0,-7.633610286666667,2019-05-02 11:10:00,2019-05-02 11:11:00,,,
155312000.0,-7.570321430000001,2019-05-02 11:10:50,2019-05-02 11:11:50,,,
155312000.0,-7.744596934482757,2019-05-02 11:11:40,2019-05-02 11:12:40,,,
155312000.0,-5.82954886,2019-05-02 11:12:30,2019-05-02 11:13:30,2.0,2019-05-02 11:12:30,2019-05-02 11:13:30
155312000.0,-7.673286776666666,2019-05-02 11:13:20,2019-05-02 11:14:20,,,
155312000.0,-8.207296306666665,2019-05-02 11:14:10,2019-05-02 11:15:10,,,
155312000.0,-8.610068213793104,2019-05-02 11:15:00,2019-05-02 11:16:00,,,
155312000.0,-8.118631573333333,2019-05-02 11:15:50,2019-05-02 11:16:50,,,
155312000.0,-7.979111820000002,2019-05-02 11:16:40,2019-05-02 11:17:40,,,
155312000.0,-8.051129090000002,2019-05-02 11:17:30,2019-05-02 11:18:30,,,
155312000.0,-8.283135027586209,2019-05-02 11:18:20,2019-05-02 11:19:20,,,
155312000.0,-8.492355724137932,2019-05-02 11:19:10,2019-05-02 11:20:10,,,
155312000.0,-7.944280903333334,2019-05-02 11:20:00,2019-05-02 11:21:00,,,
155312000.0,-8.546306560000001,2019-05-02 11:20:50,2019-05-02 11:21:50,,,
155312000.0,-8.459085593333333,2019-05-02 11:21:40,2019-05-02 11:22:40,,,
155312000.0,-8.185194586206897,2019-05-02 11:22:30,2019-05-02 11:23:30,,,
155312000.0,-7.541238227586208,2019-05-02 11:23:20,2019-05-02 11:24:20,,,
155312000.0,-8.567507273333332,2019-05-02 11:24:10,2019-05-02 11:25:10,,,
155312000.0,-7.317867023333333,2019-05-02 11:25:00,2019-05-02 11:26:00,,,
155312000.0,-7.88788174,2019-05-02 11:25:50,2019-05-02 11:26:50,,,
155312000.0,2.2087541413793095,2019-05-02 11:26:40,2019-05-02 11:27:40,10.0,2019-05-02 11:26:40,2019-05-02 11:27:40
155312000.0,-1.3454059533333336,2019-05-02 11:27:30,2019-05-02 11:28:30,7.0,2019-05-02 11:27:30,2019-05-02 11:28:30
155312000.0,-4.523643233333333,2019-05-02 11:28:20,2019-05-02 11:29:20,4.0,2019-05-02 11:28:20,2019-05-02 11:29:20
155312000.0,0.4720555133333329,2019-05-02 11:29:10,2019-05-02 11:30:10,8.0,2019-05-02 11:29:10,2019-05-02 11:30:10
155312000.0,-8.022370306666666,2019-05-02 11:30:00,2019-05-02 11:31:00,,,
155312000.0,-8.305991703448274,2019-05-02 11:30:50,2019-05-02 11:31:50,,,
155312000.0,-7.782012903333333,2019-05-02 11:31:40,2019-05-02 11:32:40,,,
155312000.0,-7.719518223333333,2019-05-02 11:32:30,2019-05-02 11:33:30,,,
155312000.0,-8.891427229999998,2019-05-02 11:33:20,2019-05-02 11:34:20,,,
155312000.0,-7.954881629999999,2019-05-02 11:34:10,2019-05-02 11:35:10,,,
155312000.0,-7.484797851724137,2019-05-02 11:35:00,2019-05-02 11:36:00,,,
155312000.0,-7.874561073333331,2019-05-02 11:35:50,2019-05-02 11:36:50,,,
155312000.0,-7.419906439999999,2019-05-02 11:36:40,2019-05-02 11:37:40,,,
155312000.0,-8.519487416666667,2019-05-02 11:37:30,2019-05-02 11:38:30,,,
155312000.0,-7.88431385862069,2019-05-02 11:38:20,2019-05-02 11:39:20,,,
155312000.0,-7.6571994,2019-05-02 11:39:10,2019-05-02 11:40:10,,,
155312000.0,-8.09601196,2019-05-02 11:40:00,2019-05-02 11:41:00,,,
155312000.0,-7.906303786666668,2019-05-02 11:40:50,2019-05-02 11:41:50,,,
155312000.0,-7.650450083333333,2019-05-02 11:41:40,2019-05-02 11:42:40,,,
155312000.0,-7.915018186206898,2019-05-02 11:42:30,2019-05-02 11:43:30,,,
155312000.0,-8.029322976666666,2019-05-02 11:43:20,2019-05-02 11:44:20,,,
155312000.0,-8.328524523333332,2019-05-02 11:44:10,2019-05-02 11:45:10,,,
155312000.0,-7.729159796666669,2019-05-02 11:45:00,2019-05-02 11:46:00,,,
155312000.0,-8.56541524827586,2019-05-02 11:45:50,2019-05-02 11:46:50,,,
155312000.0,-8.064384076666666,2019-05-02 11:46:40,2019-05-02 11:47:40,,,
155312000.0,-8.231457070000001,2019-05-02 11:47:30,2019-05-02 11:48:30,,,
155312000.0,-8.086057706666667,2019-05-02 11:48:20,2019-05-02 11:49:20,,,
155312000.0,-7.720852579310344,2019-05-02 11:49:10,2019-05-02 11:50:10,,,
155312000.0,-8.308790163333333,2019-05-02 11:50:00,2019-05-02 11:51:00,,,
155312000.0,-8.870104136666667,2019-05-02 11:50:50,2019-05-02 11:51:50,,,
155312000.0,-8.13287876,2019-05-02 11:51:40,2019-05-02 11:52:40,,,
155312000.0,-8.28483935,2019-05-02 11:52:30,2019-05-02 11:53:30,,,
155312000.0,-8.003732706896551,2019-05-02 11:53:20,2019-05-02 11:54:20,,,
155312000.0,-8.409268793333332,2019-05-02 11:54:10,2019-05-02 11:55:10,,,
155312000.0,-8.171173433333335,2019-05-02 11:55:00,2019-05-02 11:56:00,,,
155312000.0,-7.597840636666668,2019-05-02 11:55:50,2019-05-02 11:56:50,,,
155312000.0,-8.30058971724138,2019-05-02 11:56:40,2019-05-02 11:57:40,,,
155312000.0,-7.7085458749999995,2019-05-02 11:57:30,2019-05-02 11:58:30,,,
155312000.0,-7.927915337931035,2019-05-02 11:58:20,2019-05-02 11:59:20,,,
155312000.0,-8.106381271428573,2019-05-02 11:59:10,2019-05-02 12:00:10,,,
155312000.0,-8.806985782142856,2019-05-02 12:00:00,2019-05-02 12:01:00,,,
155312000.0,-8.505823310344827,2019-05-02 12:00:50,2019-05-02 12:01:50,,,
155312000.0,-8.29250563214286,2019-05-02 12:01:40,2019-05-02 12:02:40,,,
155312000.0,-8.661151585714286,2019-05-02 12:02:30,2019-05-02 12:03:30,,,
155312000.0,-8.471467607142857,2019-05-02 12:03:20,2019-05-02 12:04:20,,,
155312000.0,-8.003770658620692,2019-05-02 12:04:10,2019-05-02 12:05:10,,,
155312000.0,-7.886239334482759,2019-05-02 12:05:00,2019-05-02 12:06:00,,,
155312000.0,-8.821627646428572,2019-05-02 12:05:50,2019-05-02 12:06:50,,,
155312000.0,-7.851236478571428,2019-05-02 12:06:40,2019-05-02 12:07:40,,,
155312000.0,-8.190355503448277,2019-05-02 12:07:30,2019-05-02 12:08:30,,,
155312000.0,-8.378167539285714,2019-05-02 12:08:20,2019-05-02 12:09:20,,,
155312000.0,-8.239501465517241,2019-05-02 12:09:10,2019-05-02 12:10:10,,,
155312000.0,-8.29520933448276,2019-05-02 12:10:00,2019-05-02 12:11:00,,,
155312000.0,-8.822776589655172,2019-05-02 12:10:50,2019-05-02 12:11:50,,,
155312000.0,-8.340806950000001,2019-05-02 12:11:40,2019-05-02 12:12:40,,,
155312000.0,-9.229214489285713,2019-05-02 12:12:30,2019-05-02 12:13:30,,,
155312000.0,-8.335461367857144,2019-05-02 12:13:20,2019-05-02 12:14:20,,,
155312000.0,-7.767032696551725,2019-05-02 12:14:10,2019-05-02 12:15:10,,,
155312000.0,-8.398234610714285,2019-05-02 12:15:00,2019-05-02 12:16:00,,,
155312000.0,-8.128984785714284,2019-05-02 12:15:50,2019-05-02 12:16:50,,,
155312000.0,-8.204320899999997,2019-05-02 12:16:40,2019-05-02 12:17:40,,,
155312000.0,-8.26968155862069,2019-05-02 12:17:30,2019-05-02 12:18:30,,,
155312000.0,-8.051262099999999,2019-05-02 12:18:20,2019-05-02 12:19:20,,,
155312000.0,-7.755075528571429,2019-05-02 12:19:10,2019-05-02 12:20:10,,,
155312000.0,-8.562006725,2019-05-02 12:20:00,2019-05-02 12:21:00,,,
155312000.0,-8.56468885862069,2019-05-02 12:20:50,2019-05-02 12:21:50,,,
155312000.0,-8.46236898275862,2019-05-02 12:21:40,2019-05-02 12:22:40,,,
155312000.0,-8.176694760714286,2019-05-02 12:22:30,2019-05-02 12:23:30,,,
155312000.0,-8.025017525,2019-05-02 12:23:20,2019-05-02 12:24:20,,,
155312000.0,-8.47651916551724,2019-05-02 12:24:10,2019-05-02 12:25:10,,,
155312000.0,-7.634705913793103,2019-05-02 12:25:00,2019-05-02 12:26:00,,,
155312000.0,-7.5448922620689665,2019-05-02 12:25:50,2019-05-02 12:26:50,,,
155312000.0,-7.974177267857143,2019-05-02 12:26:40,2019-05-02 12:27:40,,,
155312000.0,-8.205719624999999,2019-05-02 12:27:30,2019-05-02 12:28:30,,,
155312000.0,-8.555297227586205,2019-05-02 12:28:20,2019-05-02 12:29:20,1.0,2019-05-02 12:28:20,2019-05-02 12:29:20
155312000.0,-1.4521975758620684,2019-05-02 12:29:10,2019-05-02 12:30:10,7.0,2019-05-02 12:29:10,2019-05-02 12:30:10
155312000.0,-8.325210039285713,2019-05-02 12:30:00,2019-05-02 12:31:00,,,
155312000.0,-8.863410621428573,2019-05-02 12:30:50,2019-05-02 12:31:50,,,
155312000.0,-8.529046128571428,2019-05-02 12:31:40,2019-05-02 12:32:40,,,
155312000.0,-8.014642028571428,2019-05-02 12:32:30,2019-05-02 12:33:30,,,
155312000.0,-8.335815257142858,2019-05-02 12:33:20,2019-05-02 12:34:20,,,
155312000.0,-7.591111834482759,2019-05-02 12:34:10,2019-05-02 12:35:10,1.0,2019-05-02 12:34:10,2019-05-02 12:35:10
155312000.0,-5.8270053689655175,2019-05-02 12:35:00,2019-05-02 12:36:00,3.0,2019-05-02 12:35:00,2019-05-02 12:36:00
155312000.0,-8.217759779310343,2019-05-02 12:35:50,2019-05-02 12:36:50,,,
155312000.0,-8.320661603571429,2019-05-02 12:36:40,2019-05-02 12:37:40,,,
155312000.0,-5.665531564285715,2019-05-02 12:37:30,2019-05-02 12:38:30,4.0,2019-05-02 12:37:30,2019-05-02 12:38:30
155312000.0,-7.918532979310346,2019-05-02 12:38:20,2019-05-02 12:39:20,,,
155312000.0,-8.326431503448276,2019-05-02 12:39:10,2019-05-02 12:40:10,,,
155312000.0,2.671746668965518,2019-05-02 12:40:00,2019-05-02 12:41:00,7.0,2019-05-02 12:40:00,2019-05-02 12:41:00
155312000.0,-8.219098828571427,2019-05-02 12:40:50,2019-05-02 12:41:50,,,
155312000.0,-2.9997884250000006,2019-05-02 12:41:40,2019-05-02 12:42:40,4.0,2019-05-02 12:41:40,2019-05-02 12:42:40
155312000.0,-1.5962555758620685,2019-05-02 12:42:30,2019-05-02 12:43:30,5.0,2019-05-02 12:42:30,2019-05-02 12:43:30
155312000.0,-4.735632878571429,2019-05-02 12:43:20,2019-05-02 12:44:20,3.0,2019-05-02 12:43:20,2019-05-02 12:44:20
155312000.0,-8.221705214285716,2019-05-02 12:44:10,2019-05-02 12:45:10,,,
155312000.0,-8.199680324137933,2019-05-02 12:45:00,2019-05-02 12:46:00,,,
155312000.0,-8.05835682142857,2019-05-02 12:45:50,2019-05-02 12:46:50,,,
155312000.0,-8.106909085714287,2019-05-02 12:46:40,2019-05-02 12:47:40,,,
155312000.0,-8.107183886206895,2019-05-02 12:47:30,2019-05-02 12:48:30,,,
155312000.0,-8.06514348275862,2019-05-02 12:48:20,2019-05-02 12:49:20,,,
155312000.0,-8.08211151034483,2019-05-02 12:49:10,2019-05-02 12:50:10,,,
155312000.0,-8.482509332142856,2019-05-02 12:50:00,2019-05-02 12:51:00,,,
155312000.0,-8.025292678571429,2019-05-02 12:50:50,2019-05-02 12:51:50,,,
155312000.0,-7.938758210344827,2019-05-02 12:51:40,2019-05-02 12:52:40,,,
155312000.0,-8.112083662068965,2019-05-02 12:52:30,2019-05-02 12:53:30,,,
155312000.0,-8.330066296428571,2019-05-02 12:53:20,2019-05-02 12:54:20,,,
155312000.0,-8.087030820689655,2019-05-02 12:54:10,2019-05-02 12:55:10,,,
155312000.0,-8.04555844827586,2019-05-02 12:55:00,2019-05-02 12:56:00,,,
155312000.0,-8.035969517857144,2019-05-02 12:55:50,2019-05-02 12:56:50,,,
155312000.0,-8.412213889285715,2019-05-02 12:56:40,2019-05-02 12:57:40,,,
155312000.0,-8.827007985714287,2019-05-02 12:57:30,2019-05-02 12:58:30,,,
155312000.0,-8.37237645172414,2019-05-02 12:58:20,2019-05-02 12:59:20,,,
155312000.0,-8.518995853571429,2019-05-02 12:59:10,2019-05-02 13:00:10,,,
155312000.0,-8.432979657142857,2019-05-02 13:00:00,2019-05-02 13:01:00,,,
155312000.0,-8.425235248275865,2019-05-02 13:00:50,2019-05-02 13:01:50,,,
155312000.0,-8.309153167857144,2019-05-02 13:01:40,2019-05-02 13:02:40,,,
155312000.0,-1.4427671928571417,2019-05-02 13:02:30,2019-05-02 13:03:30,5.0,2019-05-02 13:02:30,2019-05-02 13:03:30
155312000.0,-1.532903668965517,2019-05-02 13:03:20,2019-05-02 13:04:20,5.0,2019-05-02 13:03:20,2019-05-02 13:04:20
155312000.0,-2.6331778551724137,2019-05-02 13:04:10,2019-05-02 13:05:10,6.0,2019-05-02 13:04:10,2019-05-02 13:05:10
155312000.0,-8.477436878571428,2019-05-02 13:05:00,2019-05-02 13:06:00,,,
155312000.0,-8.288467720689654,2019-05-02 13:05:50,2019-05-02 13:06:50,,,
155312000.0,-8.299459782758623,2019-05-02 13:06:40,2019-05-02 13:07:40,,,
155312000.0,-4.7648259,2019-05-02 13:07:30,2019-05-02 13:08:30,3.0,2019-05-02 13:07:30,2019-05-02 13:08:30
155312000.0,-8.549658475,2019-05-02 13:08:20,2019-05-02 13:09:20,,,
155312000.0,8.523622713793104,2019-05-02 13:09:10,2019-05-02 13:10:10,12.0,2019-05-02 13:09:10,2019-05-02 13:10:10
155312000.0,1.4569566206896534,2019-05-02 13:10:00,2019-05-02 13:11:00,7.0,2019-05-02 13:10:00,2019-05-02 13:11:00
155312000.0,-7.929465792857143,2019-05-02 13:10:50,2019-05-02 13:11:50,,,
155312000.0,-7.824350753571427,2019-05-02 13:11:40,2019-05-02 13:12:40,,,
155312000.0,-8.031868339285714,2019-05-02 13:12:30,2019-05-02 13:13:30,,,
155312000.0,-8.329573957142857,2019-05-02 13:13:20,2019-05-02 13:14:20,,,
155312000.0,-7.674595310714287,2019-05-02 13:14:10,2019-05-02 13:15:10,,,
155312000.0,-7.929180317857141,2019-05-02 13:15:00,2019-05-02 13:16:00,,,
155312000.0,-7.64051214642857,2019-05-02 13:15:50,2019-05-02 13:16:50,,,
155312000.0,-8.09759198275862,2019-05-02 13:16:40,2019-05-02 13:17:40,,,
155312000.0,-8.031596010714285,2019-05-02 13:17:30,2019-05-02 13:18:30,,,
155312000.0,-7.594617613793104,2019-05-02 13:18:20,2019-05-02 13:19:20,,,
155312000.0,-8.479239751724139,2019-05-02 13:19:10,2019-05-02 13:20:10,,,
155312000.0,-8.546322134482761,2019-05-02 13:20:00,2019-05-02 13:21:00,,,
155312000.0,-8.335819253571431,2019-05-02 13:20:50,2019-05-02 13:21:50,,,
155312000.0,-7.884085879310345,2019-05-02 13:21:40,2019-05-02 13:22:40,,,
155312000.0,-7.625567546428569,2019-05-02 13:22:30,2019-05-02 13:23:30,,,
155312000.0,-7.738414575,2019-05-02 13:23:20,2019-05-02 13:24:20,,,
155312000.0,-8.437919424137931,2019-05-02 13:24:10,2019-05-02 13:25:10,,,
155312000.0,-8.465118203571427,2019-05-02 13:25:00,2019-05-02 13:26:00,,,
155312000.0,-8.633390217857144,2019-05-02 13:25:50,2019-05-02 13:26:50,,,
155312000.0,-8.256280255172415,2019-05-02 13:26:40,2019-05-02 13:27:40,,,
155312000.0,-8.645078324137932,2019-05-02 13:27:30,2019-05-02 13:28:30,,,
155312000.0,-8.071411360714285,2019-05-02 13:28:20,2019-05-02 13:29:20,,,
155312000.0,-7.485017103571429,2019-05-02 13:29:10,2019-05-02 13:30:10,,,
155312000.0,-8.12390311724138,2019-05-02 13:30:00,2019-05-02 13:31:00,,,
155312000.0,-8.249012992857143,2019-05-02 13:30:50,2019-05-02 13:31:50,,,
155312000.0,-8.247658610344827,2019-05-02 13:31:40,2019-05-02 13:32:40,,,
155312000.0,-7.942512206896551,2019-05-02 13:32:30,2019-05-02 13:33:30,,,
155312000.0,-7.702825374999999,2019-05-02 13:33:20,2019-05-02 13:34:20,,,
155312000.0,-7.882669585714282,2019-05-02 13:34:10,2019-05-02 13:35:10,,,
155312000.0,2.168257837931033,2019-05-02 13:35:00,2019-05-02 13:36:00,7.0,2019-05-02 13:35:00,2019-05-02 13:36:00
155312000.0,-2.7438835321428563,2019-05-02 13:35:50,2019-05-02 13:36:50,4.0,2019-05-02 13:35:50,2019-05-02 13:36:50
155312000.0,-8.685045393103449,2019-05-02 13:36:40,2019-05-02 13:37:40,,,
155312000.0,-8.239185464285713,2019-05-02 13:37:30,2019-05-02 13:38:30,,,
155312000.0,-8.249328860714288,2019-05-02 13:38:20,2019-05-02 13:39:20,,,
155312000.0,-8.972395671428572,2019-05-02 13:39:10,2019-05-02 13:40:10,,,
155312000.0,-8.66352507857143,2019-05-02 13:40:00,2019-05-02 13:41:00,,,
155312000.0,-8.096597610714287,2019-05-02 13:40:50,2019-05-02 13:41:50,,,
155312000.0,-8.3473733,2019-05-02 13:41:40,2019-05-02 13:42:40,,,
155312000.0,-7.978054021428572,2019-05-02 13:42:30,2019-05-02 13:43:30,,,
155312000.0,-8.102331379310346,2019-05-02 13:43:20,2019-05-02 13:44:20,,,
155312000.0,-8.407627237931035,2019-05-02 13:44:10,2019-05-02 13:45:10,,,
155312000.0,-7.94075199285714,2019-05-02 13:45:00,2019-05-02 13:46:00,,,
155312000.0,-8.02430622413793,2019-05-02 13:45:50,2019-05-02 13:46:50,,,
155312000.0,-8.190067427586206,2019-05-02 13:46:40,2019-05-02 13:47:40,,,
155312000.0,-7.98830089642857,2019-05-02 13:47:30,2019-05-02 13:48:30,,,
155312000.0,-8.36434130714286,2019-05-02 13:48:20,2019-05-02 13:49:20,,,
155312000.0,-8.527397448275863,2019-05-02 13:49:10,2019-05-02 13:50:10,,,
155312000.0,-8.453370349999998,2019-05-02 13:50:00,2019-05-02 13:51:00,,,
155312000.0,-8.166675862068967,2019-05-02 13:50:50,2019-05-02 13:51:50,,,
155312000.0,-7.99725227586207,2019-05-02 13:51:40,2019-05-02 13:52:40,,,
155312000.0,-8.185138210714287,2019-05-02 13:52:30,2019-05-02 13:53:30,,,
155312000.0,-8.043750757142858,2019-05-02 13:53:20,2019-05-02 13:54:20,,,
155312000.0,-8.234286206896552,2019-05-02 13:54:10,2019-05-02 13:55:10,,,
155312000.0,-8.110403260714284,2019-05-02 13:55:00,2019-05-02 13:56:00,,,
155312000.0,-8.226341503448275,2019-05-02 13:55:50,2019-05-02 13:56:50,,,
155312000.0,-7.862308475000002,2019-05-02 13:56:40,2019-05-02 13:57:40,,,
155312000.0,-8.335505182142857,2019-05-02 13:57:30,2019-05-02 13:58:30,,,
155312000.0,-7.821752951724138,2019-05-02 13:58:20,2019-05-02 13:59:20,,,
155312000.0,-7.406881075,2019-05-02 13:59:10,2019-05-02 14:00:10,,,
155312000.0,-7.574505192857141,2019-05-02 14:00:00,2019-05-02 14:01:00,,,
155312000.0,-8.32624034827586,2019-05-02 14:00:50,2019-05-02 14:01:50,,,
155312000.0,-8.230316139285714,2019-05-02 14:01:40,2019-05-02 14:02:40,,,
155312000.0,-8.968629907142859,2019-05-02 14:02:30,2019-05-02 14:03:30,,,
155312000.0,-7.917576332142857,2019-05-02 14:03:20,2019-05-02 14:04:20,,,
155312000.0,-8.722369417857141,2019-05-02 14:04:10,2019-05-02 14:05:10,,,
155312000.0,-8.022008503571428,2019-05-02 14:05:00,2019-05-02 14:06:00,,,
155312000.0,-8.587535471428572,2019-05-02 14:05:50,2019-05-02 14:06:50,,,
155312000.0,-8.440851393103449,2019-05-02 14:06:40,2019-05-02 14:07:40,,,
155312000.0,-7.790009592857143,2019-05-02 14:07:30,2019-05-02 14:08:30,,,
155312000.0,-7.497367507142856,2019-05-02 14:08:20,2019-05-02 14:09:20,,,
155312000.0,-8.452864296551725,2019-05-02 14:09:10,2019-05-02 14:10:10,,,
155312000.0,-7.778240737931034,2019-05-02 14:10:00,2019-05-02 14:11:00,,,
155312000.0,-8.188997735714285,2019-05-02 14:10:50,2019-05-02 14:11:50,,,
155312000.0,-8.166460493103449,2019-05-02 14:11:40,2019-05-02 14:12:40,,,
155312000.0,-7.904313542857141,2019-05-02 14:12:30,2019-05-02 14:13:30,,,
155312000.0,-8.833563353571428,2019-05-02 14:13:20,2019-05-02 14:14:20,,,
155312000.0,-8.489739782758623,2019-05-02 14:14:10,2019-05-02 14:15:10,,,
155312000.0,-7.122794610714287,2019-05-02 14:15:00,2019-05-02 14:16:00,,,
155312000.0,-7.579699427586207,2019-05-02 14:15:50,2019-05-02 14:16:50,,,
155312000.0,-7.3845697928571425,2019-05-02 14:16:40,2019-05-02 14:17:40,,,
155312000.0,-8.714728435714285,2019-05-02 14:17:30,2019-05-02 14:18:30,,,
155312000.0,-8.707693017241379,2019-05-02 14:18:20,2019-05-02 14:19:20,,,
155312000.0,-8.81615025357143,2019-05-02 14:19:10,2019-05-02 14:20:10,,,
155312000.0,-9.2158781,2019-05-02 14:20:00,2019-05-02 14:21:00,,,
155312000.0,-8.768336210344827,2019-05-02 14:20:50,2019-05-02 14:21:50,,,
155312000.0,-8.207573207142858,2019-05-02 14:21:40,2019-05-02 14:22:40,,,
155312000.0,-8.963633392857142,2019-05-02 14:22:30,2019-05-02 14:23:30,,,
155312000.0,-9.369458003448276,2019-05-02 14:23:20,2019-05-02 14:24:20,,,
155312000.0,-8.681096662068969,2019-05-02 14:24:10,2019-05-02 14:25:10,,,
155312000.0,-9.286251857142856,2019-05-02 14:25:00,2019-05-02 14:26:00,,,
155312000.0,-8.467801382142857,2019-05-02 14:25:50,2019-05-02 14:26:50,,,
155312000.0,-8.347329527586206,2019-05-02 14:26:40,2019-05-02 14:27:40,,,
155312000.0,-8.036648275000001,2019-05-02 14:27:30,2019-05-02 14:28:30,,,
155312000.0,-8.671013060714285,2019-05-02 14:28:20,2019-05-02 14:29:20,,,
155312000.0,-8.40384322857143,2019-05-02 14:29:10,2019-05-02 14:30:10,,,
155312000.0,2.5368116965517236,2019-05-02 14:30:00,2019-05-02 14:31:00,13.0,2019-05-02 14:30:00,2019-05-02 14:31:00
155312000.0,-5.110381810344828,2019-05-02 14:30:50,2019-05-02 14:31:50,5.0,2019-05-02 14:30:50,2019-05-02 14:31:50
155312000.0,-5.7677038607142865,2019-05-02 14:31:40,2019-05-02 14:32:40,3.0,2019-05-02 14:31:40,2019-05-02 14:32:40
155312000.0,-5.191304400000001,2019-05-02 14:32:30,2019-05-02 14:33:30,3.0,2019-05-02 14:32:30,2019-05-02 14:33:30
155312000.0,-8.7986285,2019-05-02 14:33:20,2019-05-02 14:34:20,,,
155312000.0,-8.710986946428573,2019-05-02 14:34:10,2019-05-02 14:35:10,,,
155312000.0,-8.622703507142855,2019-05-02 14:35:00,2019-05-02 14:36:00,,,
155312000.0,-8.5240465,2019-05-02 14:35:50,2019-05-02 14:36:50,,,
155312000.0,-8.926845496551724,2019-05-02 14:36:40,2019-05-02 14:37:40,,,
155312000.0,-8.551724292857143,2019-05-02 14:37:30,2019-05-02 14:38:30,,,
